
INSERT INTO "APP_ROLE" (ID,CREATED_BY,CREATED_DATE,UPDATED_BY,UPDATED_DATE,VERSION,DESCRIPTION,NAME) VALUES (900000 /*not nullable*/,'s',{ts '2016-06-26 16:50:21.781000'},'s',{ts '2016-06-26 16:50:21.781000'},0,'Admin','ROLE_ADMIN');
INSERT INTO "APP_ROLE" (ID,CREATED_BY,CREATED_DATE,UPDATED_BY,UPDATED_DATE,VERSION,DESCRIPTION,NAME) VALUES (900001 /*not nullable*/,'s',{ts '2016-06-26 16:50:21.781000'},'s',{ts '2016-06-26 16:50:21.781000'},0,'USer','ROLE_USER');

INSERT INTO "APP_USER" (ID,CREATED_BY,CREATED_DATE,UPDATED_BY,UPDATED_DATE,VERSION,CONFIRMPASSWORD,NEED_LOGIN,PASSWORD,USER_EMAIL,USERNAME,USERROLE) VALUES (9991,'admin',{ts '2016-06-26 16:48:22.801000'},'admin',{ts '2016-06-26 16:48:22.801000'},0,'admin',true,'admin','admin@fares.com','admin',900000);
INSERT INTO "APP_USER" (ID,CREATED_BY,CREATED_DATE,UPDATED_BY,UPDATED_DATE,VERSION,CONFIRMPASSWORD,NEED_LOGIN,PASSWORD,USER_EMAIL,USERNAME,USERROLE) VALUES (9992,'admin',{ts '2016-06-26 16:48:22.801000'},'admin',{ts '2016-06-26 16:48:22.801000'},0,'admin',true,'user','user@fares.com','user',900001);


INSERT INTO "LOCATION" (ID,CREATED_BY,CREATED_DATE,UPDATED_BY,UPDATED_DATE,VERSION,FILE_NAME,LOCATION_CODE,LOCATION_NAME) VALUES (800001,'admin',null,'admin',null,0,'logo.png','LT001','สถานีรถไฟชุมทางบางซื่อ');
INSERT INTO "LOCATION" (ID,CREATED_BY,CREATED_DATE,UPDATED_BY,UPDATED_DATE,VERSION,FILE_NAME,LOCATION_CODE,LOCATION_NAME) VALUES (800002,'admin',null,'admin',null,0,'logo.png','LT002','สถานีรถไฟชุมทางแก่งคอย');
INSERT INTO "LOCATION" (ID,CREATED_BY,CREATED_DATE,UPDATED_BY,UPDATED_DATE,VERSION,FILE_NAME,LOCATION_CODE,LOCATION_NAME) VALUES (800003,'admin',null,'admin',null,0,'logo.png','LT003','สถานีรถไฟชุมทางศรีราชา');
INSERT INTO "LOCATION" (ID,CREATED_BY,CREATED_DATE,UPDATED_BY,UPDATED_DATE,VERSION,FILE_NAME,LOCATION_CODE,LOCATION_NAME) VALUES (800004,'admin',null,'admin',null,0,'logo.png','LT004','สถานีรถไฟชุมทางหาดใหญ่');
INSERT INTO "LOCATION" (ID,CREATED_BY,CREATED_DATE,UPDATED_BY,UPDATED_DATE,VERSION,FILE_NAME,LOCATION_CODE,LOCATION_NAME) VALUES (800005,'admin',null,'admin',null,0,'logo.png','LT005','สถานีรถไฟหัวลำโพง');
INSERT INTO "LOCATION" (ID,CREATED_BY,CREATED_DATE,UPDATED_BY,UPDATED_DATE,VERSION,FILE_NAME,LOCATION_CODE,LOCATION_NAME) VALUES (800006,'admin',null,'admin',null,0,'logo.png','LD001','สะพานแควใหญ่');
INSERT INTO "LOCATION" (ID,CREATED_BY,CREATED_DATE,UPDATED_BY,UPDATED_DATE,VERSION,FILE_NAME,LOCATION_CODE,LOCATION_NAME) VALUES (800007,'admin',null,'admin',null,0,'logo.png','LD002','หัวหิน');
INSERT INTO "LOCATION" (ID,CREATED_BY,CREATED_DATE,UPDATED_BY,UPDATED_DATE,VERSION,FILE_NAME,LOCATION_CODE,LOCATION_NAME) VALUES (800008,'admin',null,'admin',null,0,'logo.png','LD003','เขาตะปู');
INSERT INTO "LOCATION" (ID,CREATED_BY,CREATED_DATE,UPDATED_BY,UPDATED_DATE,VERSION,FILE_NAME,LOCATION_CODE,LOCATION_NAME) VALUES (800009,'admin',null,'admin',null,0,'logo.png','LD004','เกาะเต่า');
INSERT INTO "LOCATION" (ID,CREATED_BY,CREATED_DATE,UPDATED_BY,UPDATED_DATE,VERSION,FILE_NAME,LOCATION_CODE,LOCATION_NAME) VALUES (800010,'admin',null,'admin',null,0,'logo.png','LD005','ดอยอินทนนท์');
INSERT INTO "LOCATION" (ID,CREATED_BY,CREATED_DATE,UPDATED_BY,UPDATED_DATE,VERSION,FILE_NAME,LOCATION_CODE,LOCATION_NAME) VALUES (800011,'admin',null,'admin',null,0,'logo.png','LD006','พัทยา');
INSERT INTO "LOCATION" (ID,CREATED_BY,CREATED_DATE,UPDATED_BY,UPDATED_DATE,VERSION,FILE_NAME,LOCATION_CODE,LOCATION_NAME) VALUES (800012,'admin',null,'admin',null,0,'logo.png','LD007','เกาะช้าง');
INSERT INTO "LOCATION" (ID,CREATED_BY,CREATED_DATE,UPDATED_BY,UPDATED_DATE,VERSION,FILE_NAME,LOCATION_CODE,LOCATION_NAME) VALUES (800013,'admin',null,'admin',null,0,'logo.png','LD008','เกาะสมุย');
INSERT INTO "LOCATION" (ID,CREATED_BY,CREATED_DATE,UPDATED_BY,UPDATED_DATE,VERSION,FILE_NAME,LOCATION_CODE,LOCATION_NAME) VALUES (800014,'admin',null,'admin',null,0,'logo.png','LD009','หมู่เกาะพีพี');
INSERT INTO "LOCATION" (ID,CREATED_BY,CREATED_DATE,UPDATED_BY,UPDATED_DATE,VERSION,FILE_NAME,LOCATION_CODE,LOCATION_NAME) VALUES (800015,'admin',null,'admin',null,0,'logo.png','LP001','ท่าอากาศยานดอนเมืองกรุงเทพ');
INSERT INTO "LOCATION" (ID,CREATED_BY,CREATED_DATE,UPDATED_BY,UPDATED_DATE,VERSION,FILE_NAME,LOCATION_CODE,LOCATION_NAME) VALUES (800016,'admin',null,'admin',null,0,'logo.png','LP002','ท่าอากาศยานเชียงใหม่');
INSERT INTO "LOCATION" (ID,CREATED_BY,CREATED_DATE,UPDATED_BY,UPDATED_DATE,VERSION,FILE_NAME,LOCATION_CODE,LOCATION_NAME) VALUES (800017,'admin',null,'admin',null,0,'logo.png','LP003','ท่าอากาศยานสุวรรณภูมิ');
INSERT INTO "LOCATION" (ID,CREATED_BY,CREATED_DATE,UPDATED_BY,UPDATED_DATE,VERSION,FILE_NAME,LOCATION_CODE,LOCATION_NAME) VALUES (800018,'admin',null,'admin',null,0,'logo.png','LP004','ท่าอากาศยานภูเก็ต');
INSERT INTO "LOCATION" (ID,CREATED_BY,CREATED_DATE,UPDATED_BY,UPDATED_DATE,VERSION,FILE_NAME,LOCATION_CODE,LOCATION_NAME) VALUES (800019,'admin',null,'admin',null,0,'logo.png','LB001','สถานทีขนส่งผู้โดยสารหมอชิด');
INSERT INTO "LOCATION" (ID,CREATED_BY,CREATED_DATE,UPDATED_BY,UPDATED_DATE,VERSION,FILE_NAME,LOCATION_CODE,LOCATION_NAME) VALUES (800020,'admin',null,'admin',null,0,'logo.png','LB002','อนุสาวรีย์ชัยสมรภูมิ');
INSERT INTO "LOCATION" (ID,CREATED_BY,CREATED_DATE,UPDATED_BY,UPDATED_DATE,VERSION,FILE_NAME,LOCATION_CODE,LOCATION_NAME) VALUES (800021,'admin',null,'admin',null,0,'logo.png','LB003','สถานนีขนส่งผู้โดยสารรังสิต');
INSERT INTO "LOCATION" (ID,CREATED_BY,CREATED_DATE,UPDATED_BY,UPDATED_DATE,VERSION,FILE_NAME,LOCATION_CODE,LOCATION_NAME) VALUES (800022,'admin',null,'admin',null,0,'logo.png','LB004','สำนักงานสมบัติทัวร์วิภาวดี');
INSERT INTO "LOCATION" (ID,CREATED_BY,CREATED_DATE,UPDATED_BY,UPDATED_DATE,VERSION,FILE_NAME,LOCATION_CODE,LOCATION_NAME) VALUES (800023,'admin',null,'admin',null,0,'logo.png','LB005','ฟิวเจอร์ปาร์ครังสิต');
INSERT INTO "LOCATION" (ID,CREATED_BY,CREATED_DATE,UPDATED_BY,UPDATED_DATE,VERSION,FILE_NAME,LOCATION_CODE,LOCATION_NAME) VALUES (800024,'admin',null,'admin',null,0,'logo.png','LD010','น้ำตกเอราวัณ');
INSERT INTO "LOCATION" (ID,CREATED_BY,CREATED_DATE,UPDATED_BY,UPDATED_DATE,VERSION,FILE_NAME,LOCATION_CODE,LOCATION_NAME) VALUES (800025,'admin',null,'admin',null,0,'logo.png','LD011','น้ำตกไทรโยค');


INSERT INTO "TRANSPORT" (ID,CREATED_BY,CREATED_DATE,UPDATED_BY,UPDATED_DATE,VERSION,TRANSPORT_BUSINESS,TRANSPORT_CODE,TRANSPORT_NAME) VALUES (700001,null,null,null,null,0,'การรถไฟแห่งประเทศไทย','TT001','รถไฟ');
INSERT INTO "TRANSPORT" (ID,CREATED_BY,CREATED_DATE,UPDATED_BY,UPDATED_DATE,VERSION,TRANSPORT_BUSINESS,TRANSPORT_CODE,TRANSPORT_NAME) VALUES (700002,null,null,null,null,0,'บริษัทขนส่ง','TB001','รถ บขส.');
INSERT INTO "TRANSPORT" (ID,CREATED_BY,CREATED_DATE,UPDATED_BY,UPDATED_DATE,VERSION,TRANSPORT_BUSINESS,TRANSPORT_CODE,TRANSPORT_NAME) VALUES (700003,null,null,'admin',null,0,'Nok air Flight','TP001','เครื่องบิน Nok air');
INSERT INTO "TRANSPORT" (ID,CREATED_BY,CREATED_DATE,UPDATED_BY,UPDATED_DATE,VERSION,TRANSPORT_BUSINESS,TRANSPORT_CODE,TRANSPORT_NAME) VALUES (700004,null,null,'admin',null,0,'Airasia Airline','TP002','เครื่องบิน Airasia Airline');
INSERT INTO "TRANSPORT" (ID,CREATED_BY,CREATED_DATE,UPDATED_BY,UPDATED_DATE,VERSION,TRANSPORT_BUSINESS,TRANSPORT_CODE,TRANSPORT_NAME) VALUES (700005,null,null,null,null,0,'Thai Airline','TP003','เครื่องบิน Thai Airline');

INSERT INTO "PROMOTE" (ID,CREATED_BY,CREATED_DATE,UPDATED_BY,UPDATED_DATE,VERSION,DATE_FARED,PROMOTE_CODE,PROMOTE_PRICE,PROMOTION) VALUES (600001,'admin',{ts '2016-07-27 23:44:59.475000'},'admin',{ts '2016-07-27 23:44:59.475000'},0,{ts '2017-01-01 00:00:00.0'},'P001',10.0,'วันหยุดสิ้นปี');
INSERT INTO "PROMOTE" (ID,CREATED_BY,CREATED_DATE,UPDATED_BY,UPDATED_DATE,VERSION,DATE_FARED,PROMOTE_CODE,PROMOTE_PRICE,PROMOTION) VALUES (600002,'admin',{ts '2016-07-27 23:46:16.109000'},'admin',{ts '2016-07-27 23:46:16.109000'},0,{ts '2016-04-14 00:00:00.0'},'P002',20.0,'เทศกาลสงกานต์');
INSERT INTO "PROMOTE" (ID,CREATED_BY,CREATED_DATE,UPDATED_BY,UPDATED_DATE,VERSION,DATE_FARED,PROMOTE_CODE,PROMOTE_PRICE,PROMOTION) VALUES (600003,'admin',{ts '2016-07-27 23:47:01.866000'},'admin',{ts '2016-07-27 23:47:01.866000'},0,{ts '2016-08-13 00:00:00.0'},'P003',50.0,'วันแม่');
INSERT INTO "PROMOTE" (ID,CREATED_BY,CREATED_DATE,UPDATED_BY,UPDATED_DATE,VERSION,DATE_FARED,PROMOTE_CODE,PROMOTE_PRICE,PROMOTION) VALUES (600004,'admin',{ts '2016-07-27 23:47:28.265000'},'admin',{ts '2016-07-27 23:47:28.265000'},0,{ts '2016-12-06 00:00:00.0'},'P004',50.0,'วันพ่อ');
INSERT INTO "PROMOTE" (ID,CREATED_BY,CREATED_DATE,UPDATED_BY,UPDATED_DATE,VERSION,DATE_FARED,PROMOTE_CODE,PROMOTE_PRICE,PROMOTION) VALUES (600005,'admin',{ts '2016-07-27 23:48:08.510000'},'admin',{ts '2016-07-27 23:48:08.510000'},0,{ts '2017-01-02 00:00:00.0'},'P005',10.0,'เทศกาลปีใหม่');

INSERT INTO "TRAVEL" (ID,CREATED_BY,CREATED_DATE,UPDATED_BY,UPDATED_DATE,VERSION,LOCATION_DIS_CODE,LOCATION_DIS_NAME,LOCATION_SOUR_CODE,LOCATION_SOUR_NAME,TRAVEL_CODE,TRANSPORT) VALUES (500001,'admin',{ts '2016-07-27 23:49:13.148000'},'admin',null,0,'LD001','สะพานแควใหญ่','LT001','สถานีรถไฟชุมทางบางซื่อ','TR001',700001);
INSERT INTO "TRAVEL" (ID,CREATED_BY,CREATED_DATE,UPDATED_BY,UPDATED_DATE,VERSION,LOCATION_DIS_CODE,LOCATION_DIS_NAME,LOCATION_SOUR_CODE,LOCATION_SOUR_NAME,TRAVEL_CODE,TRANSPORT) VALUES (500002,'admin',{ts '2016-07-27 23:49:33.594000'},'admin',null,0,'LD002','หัวหิน','LT001','สถานีรถไฟชุมทางบางซื่อ','TR002',700001);
INSERT INTO "TRAVEL" (ID,CREATED_BY,CREATED_DATE,UPDATED_BY,UPDATED_DATE,VERSION,LOCATION_DIS_CODE,LOCATION_DIS_NAME,LOCATION_SOUR_CODE,LOCATION_SOUR_NAME,TRAVEL_CODE,TRANSPORT) VALUES (500003,'admin',{ts '2016-07-27 23:55:40.342000'},'admin',null,0,'LD003','เขาตะปู','LT001','สถานีรถไฟชุมทางบางซื่อ','TR003',700001);
INSERT INTO "TRAVEL" (ID,CREATED_BY,CREATED_DATE,UPDATED_BY,UPDATED_DATE,VERSION,LOCATION_DIS_CODE,LOCATION_DIS_NAME,LOCATION_SOUR_CODE,LOCATION_SOUR_NAME,TRAVEL_CODE,TRANSPORT) VALUES (500004,'admin',{ts '2016-07-27 23:56:44.676000'},'admin',null,0,'LD002','หัวหิน','LT005','สถานีรถไฟหัวลำโพง','TR004',700001);
INSERT INTO "TRAVEL" (ID,CREATED_BY,CREATED_DATE,UPDATED_BY,UPDATED_DATE,VERSION,LOCATION_DIS_CODE,LOCATION_DIS_NAME,LOCATION_SOUR_CODE,LOCATION_SOUR_NAME,TRAVEL_CODE,TRANSPORT) VALUES (500005,'admin',{ts '2016-07-27 23:57:03.863000'},'admin',null,0,'LD001','สะพานแควใหญ่','LT005','สถานีรถไฟหัวลำโพง','TR005',700001);
INSERT INTO "TRAVEL" (ID,CREATED_BY,CREATED_DATE,UPDATED_BY,UPDATED_DATE,VERSION,LOCATION_DIS_CODE,LOCATION_DIS_NAME,LOCATION_SOUR_CODE,LOCATION_SOUR_NAME,TRAVEL_CODE,TRANSPORT) VALUES (500006,'admin',{ts '2016-07-27 23:57:21.563000'},'admin',null,0,'LD002','หัวหิน','LT003','สถานีรถไฟชุมทางศรีราชา','TR006',700001);
INSERT INTO "TRAVEL" (ID,CREATED_BY,CREATED_DATE,UPDATED_BY,UPDATED_DATE,VERSION,LOCATION_DIS_CODE,LOCATION_DIS_NAME,LOCATION_SOUR_CODE,LOCATION_SOUR_NAME,TRAVEL_CODE,TRANSPORT) VALUES (500007,'admin',{ts '2016-07-27 23:57:45.903000'},'admin',null,0,'LD011','น้ำตกไทรโยค','LT004','สถานีรถไฟชุมทางหาดใหญ่','TR007',700001);
INSERT INTO "TRAVEL" (ID,CREATED_BY,CREATED_DATE,UPDATED_BY,UPDATED_DATE,VERSION,LOCATION_DIS_CODE,LOCATION_DIS_NAME,LOCATION_SOUR_CODE,LOCATION_SOUR_NAME,TRAVEL_CODE,TRANSPORT) VALUES (500008,'admin',{ts '2016-07-27 23:58:02.430000'},'admin',null,0,'LD011','น้ำตกไทรโยค','LT005','สถานีรถไฟหัวลำโพง','TR008',700001);
INSERT INTO "TRAVEL" (ID,CREATED_BY,CREATED_DATE,UPDATED_BY,UPDATED_DATE,VERSION,LOCATION_DIS_CODE,LOCATION_DIS_NAME,LOCATION_SOUR_CODE,LOCATION_SOUR_NAME,TRAVEL_CODE,TRANSPORT) VALUES (500009,'admin',{ts '2016-07-27 23:58:33.877000'},'admin',null,0,'LP002','ท่าอากาศยานเชียงใหม่','LP001','ท่าอากาศยานดอนเมืองกรุงเทพ','TR009',700003);
INSERT INTO "TRAVEL" (ID,CREATED_BY,CREATED_DATE,UPDATED_BY,UPDATED_DATE,VERSION,LOCATION_DIS_CODE,LOCATION_DIS_NAME,LOCATION_SOUR_CODE,LOCATION_SOUR_NAME,TRAVEL_CODE,TRANSPORT) VALUES (500010,'admin',{ts '2016-07-28 00:00:41.784000'},'admin',null,0,'LP002','ท่าอากาศยานเชียงใหม่','LP003','ท่าอากาศยานสุวรรณภูมิ','TR010',700003);
INSERT INTO "TRAVEL" (ID,CREATED_BY,CREATED_DATE,UPDATED_BY,UPDATED_DATE,VERSION,LOCATION_DIS_CODE,LOCATION_DIS_NAME,LOCATION_SOUR_CODE,LOCATION_SOUR_NAME,TRAVEL_CODE,TRANSPORT) VALUES (500011,'admin',{ts '2016-07-28 00:01:31.458000'},'admin',null,0,'LP004','ท่าอากาศยานภูเก็ต','LP003','ท่าอากาศยานสุวรรณภูมิ','TR011',700004);
INSERT INTO "TRAVEL" (ID,CREATED_BY,CREATED_DATE,UPDATED_BY,UPDATED_DATE,VERSION,LOCATION_DIS_CODE,LOCATION_DIS_NAME,LOCATION_SOUR_CODE,LOCATION_SOUR_NAME,TRAVEL_CODE,TRANSPORT) VALUES (500012,'admin',{ts '2016-07-28 00:02:03.682000'},'admin',null,0,'LD002','หัวหิน','LB001','สถานทีขนส่งผู้โดยสารหมอชิด','TR012',700002);
INSERT INTO "TRAVEL" (ID,CREATED_BY,CREATED_DATE,UPDATED_BY,UPDATED_DATE,VERSION,LOCATION_DIS_CODE,LOCATION_DIS_NAME,LOCATION_SOUR_CODE,LOCATION_SOUR_NAME,TRAVEL_CODE,TRANSPORT) VALUES (500013,'admin',{ts '2016-07-28 00:02:22.540000'},'admin',null,0,'LD004','เกาะเต่า','LB001','สถานทีขนส่งผู้โดยสารหมอชิด','TR013',700002);
INSERT INTO "TRAVEL" (ID,CREATED_BY,CREATED_DATE,UPDATED_BY,UPDATED_DATE,VERSION,LOCATION_DIS_CODE,LOCATION_DIS_NAME,LOCATION_SOUR_CODE,LOCATION_SOUR_NAME,TRAVEL_CODE,TRANSPORT) VALUES (500014,'admin',{ts '2016-07-28 00:02:40.799000'},'admin',null,0,'LD006','พัทยา','LB002','อนุสาวรีย์ชัยสมรภูมิ','TR014',700002);
INSERT INTO "TRAVEL" (ID,CREATED_BY,CREATED_DATE,UPDATED_BY,UPDATED_DATE,VERSION,LOCATION_DIS_CODE,LOCATION_DIS_NAME,LOCATION_SOUR_CODE,LOCATION_SOUR_NAME,TRAVEL_CODE,TRANSPORT) VALUES (500015,'admin',{ts '2016-07-28 00:03:03.701000'},'admin',null,0,'LD007','เกาะช้าง','LB003','สถานนีขนส่งผู้โดยสารรังสิต','TR015',700002);
INSERT INTO "TRAVEL" (ID,CREATED_BY,CREATED_DATE,UPDATED_BY,UPDATED_DATE,VERSION,LOCATION_DIS_CODE,LOCATION_DIS_NAME,LOCATION_SOUR_CODE,LOCATION_SOUR_NAME,TRAVEL_CODE,TRANSPORT) VALUES (500016,'admin',{ts '2016-07-28 00:03:24.208000'},'admin',null,0,'LD002','หัวหิน','LB004','สำนักงานสมบัติทัวร์วิภาวดี','TR016',700002);
INSERT INTO "TRAVEL" (ID,CREATED_BY,CREATED_DATE,UPDATED_BY,UPDATED_DATE,VERSION,LOCATION_DIS_CODE,LOCATION_DIS_NAME,LOCATION_SOUR_CODE,LOCATION_SOUR_NAME,TRAVEL_CODE,TRANSPORT) VALUES (500017,'admin',{ts '2016-07-28 00:04:08.601000'},'admin',null,0,'LD006','พัทยา','LB005','ฟิวเจอร์ปาร์ครังสิต','TR017',700002);

INSERT INTO "FARES" (ID,CREATED_BY,CREATED_DATE,UPDATED_BY,UPDATED_DATE,VERSION,FARES_CODE,PRICE,PROMOTE,TRAVEL) VALUES (10001,'admin',{ts '2016-07-28 00:05:03.998000'},'admin',{ts '2016-07-28 00:05:03.998000'},0,'F001',299.0,600002,500001);
INSERT INTO "FARES" (ID,CREATED_BY,CREATED_DATE,UPDATED_BY,UPDATED_DATE,VERSION,FARES_CODE,PRICE,PROMOTE,TRAVEL) VALUES (10002,'admin',{ts '2016-07-28 00:05:25.600000'},'admin',{ts '2016-07-28 00:05:25.600000'},0,'F002',299.0,600001,500002);
INSERT INTO "FARES" (ID,CREATED_BY,CREATED_DATE,UPDATED_BY,UPDATED_DATE,VERSION,FARES_CODE,PRICE,PROMOTE,TRAVEL) VALUES (10003,'admin',{ts '2016-07-28 00:05:56.414000'},'admin',{ts '2016-07-28 00:05:56.414000'},0,'F003',499.0,600005,500006);
INSERT INTO "FARES" (ID,CREATED_BY,CREATED_DATE,UPDATED_BY,UPDATED_DATE,VERSION,FARES_CODE,PRICE,PROMOTE,TRAVEL) VALUES (10004,'admin',{ts '2016-07-28 00:06:19.129000'},'admin',{ts '2016-07-28 00:06:19.129000'},0,'F004',599.0,600005,500003);
INSERT INTO "FARES" (ID,CREATED_BY,CREATED_DATE,UPDATED_BY,UPDATED_DATE,VERSION,FARES_CODE,PRICE,PROMOTE,TRAVEL) VALUES (10005,'admin',{ts '2016-07-28 00:06:37.435000'},'admin',{ts '2016-07-28 00:07:35.905000'},0,'F005',599.0,600002,500011);
INSERT INTO "FARES" (ID,CREATED_BY,CREATED_DATE,UPDATED_BY,UPDATED_DATE,VERSION,FARES_CODE,PRICE,PROMOTE,TRAVEL) VALUES (10006,'admin',{ts '2016-07-28 00:07:10.882000'},'admin',{ts '2016-07-28 00:07:43.123000'},0,'F006',399.0,600001,500010);
INSERT INTO "FARES" (ID,CREATED_BY,CREATED_DATE,UPDATED_BY,UPDATED_DATE,VERSION,FARES_CODE,PRICE,PROMOTE,TRAVEL) VALUES (10007,'admin',{ts '2016-07-28 00:08:00.910000'},'admin',{ts '2016-07-28 00:08:00.910000'},0,'F007',599.0,600003,500011);
INSERT INTO "FARES" (ID,CREATED_BY,CREATED_DATE,UPDATED_BY,UPDATED_DATE,VERSION,FARES_CODE,PRICE,PROMOTE,TRAVEL) VALUES (10008,'admin',{ts '2016-07-28 00:08:15.893000'},'admin',{ts '2016-07-28 00:08:15.893000'},0,'F008',299.0,600005,500012);
INSERT INTO "FARES" (ID,CREATED_BY,CREATED_DATE,UPDATED_BY,UPDATED_DATE,VERSION,FARES_CODE,PRICE,PROMOTE,TRAVEL) VALUES (10009,'admin',{ts '2016-07-28 00:08:31.346000'},'admin',{ts '2016-07-28 00:08:31.346000'},0,'F009',299.0,600001,500012);
INSERT INTO "FARES" (ID,CREATED_BY,CREATED_DATE,UPDATED_BY,UPDATED_DATE,VERSION,FARES_CODE,PRICE,PROMOTE,TRAVEL) VALUES (10010,'admin',{ts '2016-07-28 00:08:53.781000'},'admin',{ts '2016-07-28 00:08:53.781000'},0,'F010',299.0,600005,500015);
