
INSERT INTO "APP_ROLE" (ID,CREATED_BY,CREATED_DATE,UPDATED_BY,UPDATED_DATE,VERSION,DESCRIPTION,NAME) VALUES (900000 /*not nullable*/,'s',{ts '2016-06-26 16:50:21.781000'},'s',{ts '2016-06-26 16:50:21.781000'},0,'Admin','ROLE_ADMIN');
INSERT INTO "APP_ROLE" (ID,CREATED_BY,CREATED_DATE,UPDATED_BY,UPDATED_DATE,VERSION,DESCRIPTION,NAME) VALUES (900001 /*not nullable*/,'s',{ts '2016-06-26 16:50:21.781000'},'s',{ts '2016-06-26 16:50:21.781000'},0,'USer','ROLE_USER');

INSERT INTO "APP_USER" (ID,CREATED_BY,CREATED_DATE,UPDATED_BY,UPDATED_DATE,VERSION,CONFIRMPASSWORD,NEED_LOGIN,PASSWORD,USER_EMAIL,USERNAME,USERROLE) VALUES (9991,'admin',{ts '2016-06-26 16:48:22.801000'},'admin',{ts '2016-06-26 16:48:22.801000'},0,'admin',true,'admin','admin@fares.com','admin',900000);
INSERT INTO "APP_USER" (ID,CREATED_BY,CREATED_DATE,UPDATED_BY,UPDATED_DATE,VERSION,CONFIRMPASSWORD,NEED_LOGIN,PASSWORD,USER_EMAIL,USERNAME,USERROLE) VALUES (9992,'admin',{ts '2016-06-26 16:48:22.801000'},'admin',{ts '2016-06-26 16:48:22.801000'},0,'admin',true,'user','user@fares.com','user',900001);

--
--
-- INSERT INTO "DATE_FARES" (ID,CREATED_BY,CREATED_DATE,UPDATED_BY,UPDATED_DATE,VERSION,DATE_FARED,DATE_NAME) VALUES (700000,null,null,null,null,0,{ts '2010-10-10 10:10:10.156000'},'----------');
-- INSERT INTO "DATE_FARES" (ID,CREATED_BY,CREATED_DATE,UPDATED_BY,UPDATED_DATE,VERSION,DATE_FARED,DATE_NAME) VALUES (700001,null,null,null,null,0,{ts '2016-05-20 21:31:50.156000'},'วันหยุดข้าราชการ');
-- INSERT INTO "DATE_FARES" (ID,CREATED_BY,CREATED_DATE,UPDATED_BY,UPDATED_DATE,VERSION,DATE_FARED,DATE_NAME) VALUES (700002,null,null,null,null,0,{ts '2016-05-21 21:31:50.156000'},'วันหยุดประจำเดือน');
-- INSERT INTO "DATE_FARES" (ID,CREATED_BY,CREATED_DATE,UPDATED_BY,UPDATED_DATE,VERSION,DATE_FARED,DATE_NAME) VALUES (700003,null,null,null,null,0,{ts '2016-05-22 21:31:50.156000'},'วันหยุดพิเศษ');
-- INSERT INTO "DATE_FARES" (ID,CREATED_BY,CREATED_DATE,UPDATED_BY,UPDATED_DATE,VERSION,DATE_FARED,DATE_NAME) VALUES (700004,null,null,null,null,0,{ts '2016-05-23 21:31:50.156000'},'วันหยุด');
-- INSERT INTO "DATE_FARES" (ID,CREATED_BY,CREATED_DATE,UPDATED_BY,UPDATED_DATE,VERSION,DATE_FARED,DATE_NAME) VALUES (700005,null,null,null,null,0,{ts '2016-05-24 21:31:50.156000'},'วันหยุดประจำสัปดาห์');
-- INSERT INTO "DATE_FARES" (ID,CREATED_BY,CREATED_DATE,UPDATED_BY,UPDATED_DATE,VERSION,DATE_FARED,DATE_NAME) VALUES (700006,null,null,null,null,0,{ts '2016-05-25 21:31:50.156000'},'วันหยุดชดเชย');
-- INSERT INTO "DATE_FARES" (ID,CREATED_BY,CREATED_DATE,UPDATED_BY,UPDATED_DATE,VERSION,DATE_FARED,DATE_NAME) VALUES (700007,null,null,null,null,0,{ts '2016-05-30 21:31:50.156000'},'วันหยุดธนาคาร');
-- INSERT INTO "DATE_FARES" (ID,CREATED_BY,CREATED_DATE,UPDATED_BY,UPDATED_DATE,VERSION,DATE_FARED,DATE_NAME) VALUES (700008,null,null,null,null,0,{ts '2016-05-31 21:31:50.156000'},'วันหยุดประจำปี');


INSERT INTO "LOCATION" (ID,CREATED_BY,CREATED_DATE,UPDATED_BY,UPDATED_DATE,VERSION,FILE_NAME,LOCATION_CODE,LOCATION_NAME) VALUES (600000,null,null,null,null,1,'logo.png','L000','-');
INSERT INTO "LOCATION" (ID,CREATED_BY,CREATED_DATE,UPDATED_BY,UPDATED_DATE,VERSION,FILE_NAME,LOCATION_CODE,LOCATION_NAME) VALUES (600001,null,null,null,null,1,'kui.jpg','L001','อุทยานแห่งชาติกุยบุรี');
INSERT INTO "LOCATION" (ID,CREATED_BY,CREATED_DATE,UPDATED_BY,UPDATED_DATE,VERSION,FILE_NAME,LOCATION_CODE,LOCATION_NAME) VALUES (600002,null,null,null,null,1,'อุทยานแห่งชาติแก่งกระจาน-เพชรบุรี.jpg','L002','อุทยานแห่งชาติแก่งกระจาน');
INSERT INTO "LOCATION" (ID,CREATED_BY,CREATED_DATE,UPDATED_BY,UPDATED_DATE,VERSION,FILE_NAME,LOCATION_CODE,LOCATION_NAME) VALUES (600003,null,null,null,null,1,'แก่งกรุง.jpg','L003','อุทยานแห่งชาติแก่งกรุง');
INSERT INTO "LOCATION" (ID,CREATED_BY,CREATED_DATE,UPDATED_BY,UPDATED_DATE,VERSION,FILE_NAME,LOCATION_CODE,LOCATION_NAME) VALUES (600004,null,null,null,null,1,'อุทยานแห่งชาติแก่งเจ็ดแคว.jpg','L004','อุทยานแห่งชาติแก่งเจ็ดแคว');
INSERT INTO "LOCATION" (ID,CREATED_BY,CREATED_DATE,UPDATED_BY,UPDATED_DATE,VERSION,FILE_NAME,LOCATION_CODE,LOCATION_NAME) VALUES (600005,null,null,null,null,1,'แก่งตะนะ-6-1024x768.jpg','L005','อุทยานแห่งชาติแก่งตะนะ');
INSERT INTO "LOCATION" (ID,CREATED_BY,CREATED_DATE,UPDATED_BY,UPDATED_DATE,VERSION,FILE_NAME,LOCATION_CODE,LOCATION_NAME) VALUES (600006,null,null,null,null,1,'ขุนขาน.jpg','L006','อุทยานแห่งชาติขุนขาน');
INSERT INTO "LOCATION" (ID,CREATED_BY,CREATED_DATE,UPDATED_BY,UPDATED_DATE,VERSION,FILE_NAME,LOCATION_CODE,LOCATION_NAME) VALUES (600007,null,null,null,null,1,'ขุนแจ.jpg','L007','อุทยานแห่งชาติขุนแจ');
INSERT INTO "LOCATION" (ID,CREATED_BY,CREATED_DATE,UPDATED_BY,UPDATED_DATE,VERSION,FILE_NAME,LOCATION_CODE,LOCATION_NAME) VALUES (600008,null,null,null,null,1,'Nan 1107.jpg','L008','อุทยานแห่งชาติขุนน่าน');


INSERT INTO "TRANSPORT" (ID,CREATED_BY,CREATED_DATE,UPDATED_BY,UPDATED_DATE,VERSION,TRANSPORT_BUSINESS,TRANSPORT_CODE,TRANSPORT_NAME) VALUES (500000,null,null,null,null,0,'-','-','-');
INSERT INTO "TRANSPORT" (ID,CREATED_BY,CREATED_DATE,UPDATED_BY,UPDATED_DATE,VERSION,TRANSPORT_BUSINESS,TRANSPORT_CODE,TRANSPORT_NAME) VALUES (500001,null,null,null,null,0,'-','T001','รถไฟ');
INSERT INTO "TRANSPORT" (ID,CREATED_BY,CREATED_DATE,UPDATED_BY,UPDATED_DATE,VERSION,TRANSPORT_BUSINESS,TRANSPORT_CODE,TRANSPORT_NAME) VALUES (500002,null,null,null,null,0,'-','T002','รถ บขส.');
INSERT INTO "TRANSPORT" (ID,CREATED_BY,CREATED_DATE,UPDATED_BY,UPDATED_DATE,VERSION,TRANSPORT_BUSINESS,TRANSPORT_CODE,TRANSPORT_NAME) VALUES (500003,null,null,null,null,0,'Nok air Flight','T003','เครื่องบิน');
INSERT INTO "TRANSPORT" (ID,CREATED_BY,CREATED_DATE,UPDATED_BY,UPDATED_DATE,VERSION,TRANSPORT_BUSINESS,TRANSPORT_CODE,TRANSPORT_NAME) VALUES (500004,null,null,null,null,0,'Airasia Airline','T004','เครื่องบิน');
INSERT INTO "TRANSPORT" (ID,CREATED_BY,CREATED_DATE,UPDATED_BY,UPDATED_DATE,VERSION,TRANSPORT_BUSINESS,TRANSPORT_CODE,TRANSPORT_NAME) VALUES (500005,null,null,null,null,0,'Thai Airline','T005','เครื่องบิน');

--
-- INSERT INTO "PROMOTION" (ID,CREATED_BY,CREATED_DATE,UPDATED_BY,UPDATED_DATE,VERSION,PROMOTION_CODE,PROMOTION_NAME) VALUES (400000,null,null,null,null,0,'----------','----------');
-- INSERT INTO "PROMOTION" (ID,CREATED_BY,CREATED_DATE,UPDATED_BY,UPDATED_DATE,VERSION,PROMOTION_CODE,PROMOTION_NAME) VALUES (400001,null,null,null,null,0,'Pro001','โปรวันหยุดไทย');
-- INSERT INTO "PROMOTION" (ID,CREATED_BY,CREATED_DATE,UPDATED_BY,UPDATED_DATE,VERSION,PROMOTION_CODE,PROMOTION_NAME) VALUES (400002,null,null,null,null,0,'Pro002','โปรอยากหยุด');
-- INSERT INTO "PROMOTION" (ID,CREATED_BY,CREATED_DATE,UPDATED_BY,UPDATED_DATE,VERSION,PROMOTION_CODE,PROMOTION_NAME) VALUES (400003,null,null,null,null,0,'Pro003','โปรอะไรก็ได้');
--
--
-- INSERT INTO "PROMOTE" (ID,CREATED_BY,CREATED_DATE,UPDATED_BY,UPDATED_DATE,VERSION,PROMOTE_CODE,PROMOTE_PRICE,DATE_FARES,PROMOTION) VALUES (300000,null,null,null,null,0,'----------',0.0,700000,400000);
-- INSERT INTO "PROMOTE" (ID,CREATED_BY,CREATED_DATE,UPDATED_BY,UPDATED_DATE,VERSION,PROMOTE_CODE,PROMOTE_PRICE,DATE_FARES,PROMOTION) VALUES (300001,null,null,null,null,0,'Porm001',20.0,700001,400001);
-- INSERT INTO "PROMOTE" (ID,CREATED_BY,CREATED_DATE,UPDATED_BY,UPDATED_DATE,VERSION,PROMOTE_CODE,PROMOTE_PRICE,DATE_FARES,PROMOTION) VALUES (300002,null,null,null,null,0,'Porm002',50.0,700002,400002);
-- INSERT INTO "PROMOTE" (ID,CREATED_BY,CREATED_DATE,UPDATED_BY,UPDATED_DATE,VERSION,PROMOTE_CODE,PROMOTE_PRICE,DATE_FARES,PROMOTION) VALUES (300003,null,null,null,null,0,'Porm003',100.0,700003,400003);
-- INSERT INTO "PROMOTE" (ID,CREATED_BY,CREATED_DATE,UPDATED_BY,UPDATED_DATE,VERSION,PROMOTE_CODE,PROMOTE_PRICE,DATE_FARES,PROMOTION) VALUES (300004,null,null,null,null,0,'Porm004',120.0,700004,400001);
-- INSERT INTO "PROMOTE" (ID,CREATED_BY,CREATED_DATE,UPDATED_BY,UPDATED_DATE,VERSION,PROMOTE_CODE,PROMOTE_PRICE,DATE_FARES,PROMOTION) VALUES (300005,null,null,null,null,0,'Porm005',150.0,700005,400002);
-- INSERT INTO "PROMOTE" (ID,CREATED_BY,CREATED_DATE,UPDATED_BY,UPDATED_DATE,VERSION,PROMOTE_CODE,PROMOTE_PRICE,DATE_FARES,PROMOTION) VALUES (300006,null,null,null,null,0,'Porm006',180.0,700006,400003);
-- INSERT INTO "PROMOTE" (ID,CREATED_BY,CREATED_DATE,UPDATED_BY,UPDATED_DATE,VERSION,PROMOTE_CODE,PROMOTE_PRICE,DATE_FARES,PROMOTION) VALUES (300007,null,null,null,null,0,'Porm007',199.0,700007,400001);
-- INSERT INTO "PROMOTE" (ID,CREATED_BY,CREATED_DATE,UPDATED_BY,UPDATED_DATE,VERSION,PROMOTE_CODE,PROMOTE_PRICE,DATE_FARES,PROMOTION) VALUES (300008,null,null,null,null,0,'Porm008',299.0,700008,400002);


INSERT INTO "PROMOTE" (ID,CREATED_BY,CREATED_DATE,UPDATED_BY,UPDATED_DATE,VERSION,DATE_FARED,PROMOTE_CODE,PROMOTE_PRICE,PROMOTION) VALUES (300000 /*not nullable*/,'s',{ts '2016-07-26 18:03:38.691000'},'s',{ts '2016-07-26 18:03:38.691000'},0,{ts '2016-07-26 18:03:38.691000'},'Promote001',10,'วันสงกรานต์');


INSERT INTO "TRAVEL" (ID,LOCATION_DIS_CODE,LOCATION_DIS_NAME,LOCATION_SOUR_CODE,LOCATION_SOUR_NAME,TRAVEL_CODE,VERSION,TRANSPORT) VALUES (200000 /*not nullable*/,'-','-','-','-','-',0,500000);
INSERT INTO "TRAVEL" (ID,LOCATION_DIS_CODE,LOCATION_DIS_NAME,LOCATION_SOUR_CODE,LOCATION_SOUR_NAME,TRAVEL_CODE,VERSION,TRANSPORT) VALUES (200001 /*not nullable*/,'L001','อุทยานแห่งชาติกุยบุรี','L002','อุทยานแห่งชาติแก่งกระจาน','Tar001',0,500001);
INSERT INTO "TRAVEL" (ID,LOCATION_DIS_CODE,LOCATION_DIS_NAME,LOCATION_SOUR_CODE,LOCATION_SOUR_NAME,TRAVEL_CODE,VERSION,TRANSPORT) VALUES (200002 /*not nullable*/,'L001','อุทยานแห่งชาติกุยบุรี','L003','อุทยานแห่งชาติแก่งกรุง','Tar002',0,500001);
INSERT INTO "TRAVEL" (ID,LOCATION_DIS_CODE,LOCATION_DIS_NAME,LOCATION_SOUR_CODE,LOCATION_SOUR_NAME,TRAVEL_CODE,VERSION,TRANSPORT) VALUES (200003 /*not nullable*/,'L002','อุทยานแห่งชาติแก่งกระจาน','L004','อุทยานแห่งชาติแก่งเจ็ดแคว','Tar003',0,500002);
INSERT INTO "TRAVEL" (ID,LOCATION_DIS_CODE,LOCATION_DIS_NAME,LOCATION_SOUR_CODE,LOCATION_SOUR_NAME,TRAVEL_CODE,VERSION,TRANSPORT) VALUES (200004 /*not nullable*/,'L002','อุทยานแห่งชาติแก่งกระจาน','L005','อุทยานแห่งชาติแก่งตะนะ','Tar004',0,500002);
INSERT INTO "TRAVEL" (ID,LOCATION_DIS_CODE,LOCATION_DIS_NAME,LOCATION_SOUR_CODE,LOCATION_SOUR_NAME,TRAVEL_CODE,VERSION,TRANSPORT) VALUES (200005 /*not nullable*/,'L003','อุทยานแห่งชาติแก่งกรุง','L006','อุทยานแห่งชาติขุนขาน','Tar005',0,500003);
INSERT INTO "TRAVEL" (ID,LOCATION_DIS_CODE,LOCATION_DIS_NAME,LOCATION_SOUR_CODE,LOCATION_SOUR_NAME,TRAVEL_CODE,VERSION,TRANSPORT) VALUES (200006 /*not nullable*/,'L004','อุทยานแห่งชาติแก่งเจ็ดแคว','L007','อุทยานแห่งชาติขุนแจ','Tar006',0,500002);
INSERT INTO "TRAVEL" (ID,LOCATION_DIS_CODE,LOCATION_DIS_NAME,LOCATION_SOUR_CODE,LOCATION_SOUR_NAME,TRAVEL_CODE,VERSION,TRANSPORT) VALUES (200007 /*not nullable*/,'L005','อุทยานแห่งชาติแก่งตะนะ','L008','อุทยานแห่งชาติขุนน่าน','Tar007',0,500001);
INSERT INTO "TRAVEL" (ID,LOCATION_DIS_CODE,LOCATION_DIS_NAME,LOCATION_SOUR_CODE,LOCATION_SOUR_NAME,TRAVEL_CODE,VERSION,TRANSPORT) VALUES (200008 /*not nullable*/,'L006','อุทยานแห่งชาติขุนขาน','L001','อุทยานแห่งชาติกุยบุรี','Tar008',0,500003);
INSERT INTO "TRAVEL" (ID,LOCATION_DIS_CODE,LOCATION_DIS_NAME,LOCATION_SOUR_CODE,LOCATION_SOUR_NAME,TRAVEL_CODE,VERSION,TRANSPORT) VALUES (200009 /*not nullable*/,'L007','อุทยานแห่งชาติขุนแจ','L002','อุทยานแห่งชาติแก่งกระจาน','Tar009',0,500004);
INSERT INTO "TRAVEL" (ID,LOCATION_DIS_CODE,LOCATION_DIS_NAME,LOCATION_SOUR_CODE,LOCATION_SOUR_NAME,TRAVEL_CODE,VERSION,TRANSPORT) VALUES (200010 /*not nullable*/,'L008','อุทยานแห่งชาติขุนน่าน','L003','อุทยานแห่งชาติแก่งกรุง','Tar0010',0,500005);
INSERT INTO "TRAVEL" (ID,LOCATION_DIS_CODE,LOCATION_DIS_NAME,LOCATION_SOUR_CODE,LOCATION_SOUR_NAME,TRAVEL_CODE,VERSION,TRANSPORT) VALUES (200011 /*not nullable*/,'L001','อุทยานแห่งชาติกุยบุรี','L004','อุทยานแห่งชาติแก่งเจ็ดแคว','Tar0011',0,500003);
INSERT INTO "TRAVEL" (ID,LOCATION_DIS_CODE,LOCATION_DIS_NAME,LOCATION_SOUR_CODE,LOCATION_SOUR_NAME,TRAVEL_CODE,VERSION,TRANSPORT) VALUES (200012 /*not nullable*/,'L002','อุทยานแห่งชาติแก่งกระจาน','L005','อุทยานแห่งชาติแก่งตะนะ','Tar0012',0,500004);

--
--
-- INSERT INTO "FARES" (ID,CREATED_BY,CREATED_DATE,UPDATED_BY,UPDATED_DATE,VERSION,FARES_CODE,PRICE,PROMOTE,TRAVEL) VALUES (100001,null,null,null,null,0,'Fares001',1999.0,300001,200001);
-- INSERT INTO "FARES" (ID,CREATED_BY,CREATED_DATE,UPDATED_BY,UPDATED_DATE,VERSION,FARES_CODE,PRICE,PROMOTE,TRAVEL) VALUES (100002,null,null,null,null,0,'Fares002',2999.0,300002,200002);
-- INSERT INTO "FARES" (ID,CREATED_BY,CREATED_DATE,UPDATED_BY,UPDATED_DATE,VERSION,FARES_CODE,PRICE,PROMOTE,TRAVEL) VALUES (100003,null,null,null,null,0,'Fares003',3999.0,300003,200003);
-- INSERT INTO "FARES" (ID,CREATED_BY,CREATED_DATE,UPDATED_BY,UPDATED_DATE,VERSION,FARES_CODE,PRICE,PROMOTE,TRAVEL) VALUES (100004,null,null,null,null,0,'Fares004',4999.0,300004,200004);
-- INSERT INTO "FARES" (ID,CREATED_BY,CREATED_DATE,UPDATED_BY,UPDATED_DATE,VERSION,FARES_CODE,PRICE,PROMOTE,TRAVEL) VALUES (100005,null,null,null,null,0,'Fares005',5999.0,300005,200005);
-- INSERT INTO "FARES" (ID,CREATED_BY,CREATED_DATE,UPDATED_BY,UPDATED_DATE,VERSION,FARES_CODE,PRICE,PROMOTE,TRAVEL) VALUES (100006,null,null,null,null,0,'Fares006',6999.0,300006,200006);
-- INSERT INTO "FARES" (ID,CREATED_BY,CREATED_DATE,UPDATED_BY,UPDATED_DATE,VERSION,FARES_CODE,PRICE,PROMOTE,TRAVEL) VALUES (100007,null,null,null,null,0,'Fares007',7999.0,300007,200007);
-- INSERT INTO "FARES" (ID,CREATED_BY,CREATED_DATE,UPDATED_BY,UPDATED_DATE,VERSION,FARES_CODE,PRICE,PROMOTE,TRAVEL) VALUES (100008,null,null,null,null,0,'Fares008',8999.0,300001,200008);
-- INSERT INTO "FARES" (ID,CREATED_BY,CREATED_DATE,UPDATED_BY,UPDATED_DATE,VERSION,FARES_CODE,PRICE,PROMOTE,TRAVEL) VALUES (100009,null,null,null,null,0,'Fares009',9999.0,300000,200009);
--
--



INSERT INTO "FARES" (ID,CREATED_BY,CREATED_DATE,UPDATED_BY,UPDATED_DATE,VERSION,FARES_CODE,PRICE,PROMOTE,TRAVEL) VALUES (0 /*not nullable*/,'s',{ts '2016-07-26 22:53:36.138000'},'s',{ts '2016-07-26 22:53:36.138000'},0,'Fares001',0,300000,200000);

